Página,# de redirecciones,Encontrado en páginas
https://caldea.com/inuu/escapada-primavera-entrada-spa-hotel-4,4,1
https://www.caldea.com/ca/tractaments-orientals/thai,3,1
https://www.caldea.com/inuu-tratamientos,3,5
https://www.caldea.com/en/organic-treatments/facial-treatment-by-sothys-organics,3,1520
https://www.caldea.com/ca/inuu/bicicleta-virtual-solidaria,3,2
https://www.caldea.com/fr/soins-bio/visage-by-sothys-organics,3,1550
https://www.caldea.com/fr/inuu-treatment,3,5
https://www.caldea.com/ca/inuu-treatment,3,6
https://www.caldea.com/en/inuu-treatment,3,6
https://www.caldea.com/inuu/emblema-adelgazamiento-sothys-60,3,1
https://www.caldea.com/inuu/athletics-sothys-45,3,1
https://www.caldea.com/inuu/indonesia-ancestral-sothys-60,3,2
https://www.caldea.com/fr/inuu/athletics-sothys-45,3,1
https://www.caldea.com/fr/inuu/embleme-amincissement-sothys-60,3,1
https://www.caldea.com/fr/inuu/indonesie-ancestrale-sothys-60,3,2
https://www.caldea.com/termoludico-restaurantes,3,4
https://www.caldea.com/en/inuu/sothys-ancestral-indonesia-60,3,2
https://www.caldea.com/ca/inuu/emblema-aprimament-sothys-60,3,1
https://www.caldea.com/ca/inuu/indonesia-ancestral-sothys-60,3,2
https://www.caldea.com/termoludico-espectaculos,3,9
https://www.caldea.com/en/thermoludic-shows,3,8
https://www.caldea.com/fr/thermoludique-spectacles,3,9
https://www.caldea.com/inuu/oferta-cirque-du-soleil-nino,3,1
https://www.caldea.com/inuu/detox-energie-basico-sothys-45,3,3
https://www.caldea.com/ca/inuu/entrada-de-nit-coctel-estiu,3,8
https://www.caldea.com/ca/inuu/entrada-matins-3h-oferta-especial,3,1
https://www.caldea.com/ca/termoludic/50-en-entrada-termoludic-massatge-20-min,3,1
https://www.caldea.com/inuu/detox-energie-intensivo-sothys-75,3,1
https://www.caldea.com/termoludico/termoludico-comida-en-hard-rock,3,1
https://www.caldea.com/fr/thermoludique/massage-pour-enfants-30min,3,2
https://www.caldea.com/fr/thermoludique/termoludique-massage-20min-30-reduction,3,2
https://www.caldea.com/fr/inuu/inuu-massage-30min-spa-prive,3,2
https://www.caldea.com/inuu/the-cure-higiene-profunda-60-min,3,5
https://www.caldea.com/inuu/oferta-inuu-vallnord,3,1
https://www.caldea.com/termoludico/entrada-2h-al-termoludico-cena-rest-acuatico-espectaculos,3,2
https://www.caldea.com/fr/thermoludique/offre-cirque-du-soleil-enfant,3,1
https://www.caldea.com/en/inuu/sothys-intense-energy-detox-75,3,1
https://www.caldea.com/en/inuu/sothys-basic-energy-detox-45,3,3
https://www.caldea.com/en/inuu/night-entry,3,4
https://www.caldea.com/fr/inuu/entree-matin-3-h-offre-special,3,1
https://www.caldea.com/termoludico/50-en-entrada-termoludico-masaje-20-min,3,1
https://www.caldea.com/inuu/entrada-mananas-3h-oferta-especial,3,1
https://www.caldea.com/fr/thermoludique/50-entree-thermoludique-massage-20-min,3,1
https://www.caldea.com/en/inuu/morning-ticket-3h-special-offer,3,1
https://www.caldea.com/en/thermoludic/50-off-admission-to-thermoludic-20-min-massage,3,3
https://www.caldea.com/ca/inuu/the-cure-30-min,3,3
https://www.caldea.com/fr/inuu/detox-energie-basic-sothys-45,3,3
https://www.caldea.com/en/thermoludic/30min-child-s-massage,3,2
https://www.caldea.com/fr/inuu/detox-energie-intensif-sothys-75,3,1
https://www.caldea.com/ca/inuu/detox-energie-intensiu-sothys-75,3,1
https://www.caldea.com/inuu/the-cure-30-min,3,3
https://www.caldea.com/ca/inuu/inuu-massatge-30min-spa-privat,3,1
https://www.caldea.com/ca/termoludic/termoludic-massatge-20min-30-descompte,3,1
https://www.caldea.com/ca/inuu/detox-energie-basic-sothys-45,3,3
https://www.caldea.com/inuu/entrada-de-noche,3,4
https://www.caldea.com/ca/termoludic/entrada-termoludic-2-h-dinar-rest-aquatic-espectacles,3,1
https://www.caldea.com/ca/inuu/oferta-inuu-vallnord,3,1
https://www.caldea.com/fr/thermoludique/thermoludique-dejeuner-au-hard-rock,3,1
https://www.caldea.com/fr/thermoludique/thermoludique-dinner-au-hard-rock,3,1
https://www.caldea.com/fr/inuu/soin-citrus-body-scrub-avec-enveloppement-creme-90,3,2
https://www.caldea.com/fr/inuu/entree-inuu-citrus-body-scrub-60-min,3,1
https://www.caldea.com/termoludico/masaje-infantil-30min,3,2
https://www.caldea.com/termoludico/promocion-mananas,3,6
https://www.caldea.com/ca/termoludic/termoludic-dinar-al-hard-rock,3,2
https://www.caldea.com/en/inuu/30-min-the-cure,3,3
https://www.caldea.com/ca/inuu/the-cure-higiene-profunda-60-min,3,5
https://www.caldea.com/ca/inuu/entrada-de-nit,3,4
https://www.caldea.com/en/thermoludic/promotion-morning,3,7
https://www.caldea.com/fr/inuu/entree-nuit,3,4
https://www.caldea.com/fr/thermoludique/offre-thermoludique-vallnord,3,1
https://www.caldea.com/termoludico/termoludico-masaje-20min-30-descuento,3,1
https://www.caldea.com/inuu/inuu-masaje-30min-spa-privado,3,1
https://www.caldea.com/en/inuu/60-minute-deep-cleanse-the-cure,3,5
https://www.caldea.com/inuu/festival-classicand-makom,3,1
https://www.caldea.com/termoludico/spa-jazz-andorra,3,2
https://www.caldea.com/inuu/entrada-inuu-citrus-body-scrub-60-min,3,1
https://www.caldea.com/en/inuu/offer-inuu-vallnord,3,1
https://www.caldea.com/fr/inuu/offre-inuu-vallnord,3,1
https://www.caldea.com/inuu/tratamiento-abhyanga-ubtan-90,3,1
https://www.caldea.com/inuu/padabhyanga-30,3,1
https://www.caldea.com/inuu/shiroabhyanga-30,3,1
https://www.caldea.com/inuu/abhyanga-60-min,3,1
https://www.caldea.com/termoludico/entrada-al-termoludico-vallnord-pal-solo-100-reservas,3,1
https://www.caldea.com/inuu/tratamiento-citrus-body-scrub-con-envoltura-de-nata-90,3,2
https://www.caldea.com/ca/inuu/tractament-citrus-body-scrub-amb-embolcall-de-nata-90,3,2
https://www.caldea.com/ca/inuu/entrada-inuu-citrus-body-scrub-60-min,3,1
https://www.caldea.com/fr/inuu/the-cure-30-min,3,3
https://www.caldea.com/fr/thermoludique/promotion-matin,3,7
https://www.caldea.com/fr/inuu/the-cure-hygiene-profonde-60-min,3,5
https://www.caldea.com/termoludico/1-entrada-de-adulto-1-entrada-de-nino-gratis,3,4
https://www.caldea.com/termoludico/forfait-2-días-grandvalira-hotel-4,3,1
https://www.caldea.com/inuu/oferta-oxigenacion-temporada-sothys,3,3
https://www.caldea.com/ca/inuu/festival-classicand-makom,3,1
https://www.caldea.com/termoludico/masaje-gravitas-45min,3,2
https://www.caldea.com/termoludico/50-entrada-al-termoludico-masaje-20min-exclusivo-web,3,2
https://www.caldea.com/en/thermoludic/1-adult-ticket-1-children-ticket-for-free,3,6
https://www.caldea.com/en/inuu/offer-oxygenation-season-sothys,3,3
https://www.caldea.com/termoludico/termoludico-diva-by-cirque-du-soleil-hotel-les-closes-3,3,1
https://www.caldea.com/termoludico/circo-sol-rebel-termoludico-hotel-centric,3,1
https://www.caldea.com/termoludico/termoludico-diva-by-cirque-du-soleil-hotel-espel-3,3,1
https://www.caldea.com/termoludico/termoludico-diva-by-cirque-du-soleil-hotel-centric-4,3,1
https://www.caldea.com/inuu/bano-de-pomelos-y-masaje-aromatico-45min,3,1
https://www.caldea.com/en/thermoludic/festival-jazz-andorra,3,1
https://www.caldea.com/fr/thermoludique/festival-jazz-andorra,3,1
https://www.caldea.com/fr/inuu/festival-classicand-makom,3,1
https://www.caldea.com/fr/thermoludique/1-entree-adulte-1-entree-enfant-gratuite,3,6
https://caldea.com/espectaculo-storm,3,1
https://www.caldea.com/ca/termoludic/entrada-al-termoludic-vallnord-pal-nomes-100-reserves,3,1
https://www.caldea.com/en/inuu/90-minute-citrus-body-scrub-with-body-cream-wrap,3,1
https://www.caldea.com/en/inuu/admission-to-inuu-citrus-body-scrub-60,3,1
https://www.caldea.com/ca/inuu/padabhyanga-30,3,1
https://www.caldea.com/ca/inuu/shiroabhyanga-30,3,1
https://www.caldea.com/ca/inuu/tractament-abhyanga-ubtan-90,3,1
https://www.caldea.com/ca/inuu/abhyanga-60-min,3,1
https://www.caldea.com/fr/inuu/shiroabhyanga-30,3,1
https://www.caldea.com/en/inuu/abhyanga-ubtan-tratment-90,3,1
https://www.caldea.com/en/inuu/shiroabhyanga-30,3,1
https://www.caldea.com/en/inuu/padabhyanga-30,3,1
https://www.caldea.com/fr/thermoludique/entree-au-thermoludique-vallnord-pal-100-reservations,3,1
https://www.caldea.com/en/thermoludic/admission-to-thermoludic-vallnord-pal-only-100-bookings,3,1
https://www.caldea.com/fr/inuu/abhyanga-60-min,3,1
https://www.caldea.com/fr/inuu/traitement-abhyanga-ubtan-90,3,1
https://www.caldea.com/fr/inuu/padabhyanga-30,3,1
https://www.caldea.com/en/inuu/60-min-abhyanga,3,1
https://www.caldea.com/fr/inuu/offre-oxygenation-saison-sothys,3,3
https://www.caldea.com/inuu/oferta-spa-esqui-vallnord,3,1
https://www.caldea.com/ca/inuu/oferta-oxigenacio-temporada-sothys,3,3
https://www.caldea.com/inuu/oferta-entrada-esqui-ordino-arcalis,3,3
https://www.caldea.com/termoludico/oferta-entrada-restaurante-hotel-centric,3,2
https://www.caldea.com/termoludico/entrada-termoludico-rest-mediterraneo-hotel-les-closes-3,3,1
https://www.caldea.com/ca/inuu/bany-d-aranges-i-massatge-aromatic-60min,3,1
https://www.caldea.com/ca/termoludic/termoludic-diva-by-cirque-du-soleil-hotel-centric-4,3,1
https://www.caldea.com/en/thermoludic/45min-gravitas-massage,3,2
https://www.caldea.com/fr/thermoludique/massage-gravitas-45min,3,2
https://www.caldea.com/en/inuu/black-friday-promotion,3,1
https://www.caldea.com/en/inuu/special-offer-siam-shiki-diner,3,1
https://www.caldea.com/en/thermoludic/black-friday-offer,3,1
https://www.caldea.com/en/thermoludic/2-days-ski-pass-grandvalira-and-hotel,3,1
https://www.caldea.com/fr/thermoludique/thermoludique-diva-by-cirque-du-soleil-hotel-les-closes-3,3,1
https://www.caldea.com/fr/thermoludique/thermoludique-diva-by-cirque-du-soleil-hotel-espel-3,3,1
https://www.caldea.com/fr/thermoludique/thermoludique-diva-by-cirque-du-soleil-hotel-centric-4,3,1
https://www.caldea.com/fr/thermoludique/thermoludique-diva-by-cirque-du-soleil-hotel-mola-park-4,3,1
https://www.caldea.com/en/inuu/60min-grapefruit-bath-and-aromatic-massage,3,1
https://www.caldea.com/en/thermoludic/thermoludic-diva-by-cirque-du-soleil-hotel-centric-4,3,1
https://www.caldea.com/en/thermoludic/thermoludic-diva-by-cirque-du-soleil-hotel-les-closes-3,3,1
https://www.caldea.com/en/thermoludic/thermoludic-diva-by-cirque-du-soleil-hotel-espel-3,3,1
https://www.caldea.com/fr/inuu/bain-d-oranges-et-massage-aromatique-60min,3,1
https://www.caldea.com/fr/thermoludique/promotion-black-friday,3,1
https://www.caldea.com/fr/inuu/offre-black-friday,3,1
https://caldea.com/ca/espectacle-storm,3,1
https://caldea.com/fr/spectacle-storm,3,1
https://www.caldea.com/ca/termoludic/termoludic-diva-by-cirque-du-soleil-hotel-espel-3,3,1
https://www.caldea.com/ca/termoludic/termoludic-diva-by-cirque-du-soleil-hotel-les-closes-3,3,1
https://www.caldea.com/fr/inuu/offre-special-entree-diner-siam-shiki,3,1
https://www.caldea.com/termoludico/oferta-spa-esqui-ordino-arcalis,3,2
https://www.caldea.com/inuu/masaje-medida-sothys-1-hora-duo,3,1
https://www.caldea.com/ca/inuu/oferta-entrada-vallnord,3,4
https://www.caldea.com/ca/inuu/oferta-entrada-esqui-ordino-arcalis,3,3
https://www.caldea.com/inuu/entrada-de-noche-coctel-verano,3,7
https://www.caldea.com/en/inuu/night-entry-cocktail-summer,3,7
https://www.caldea.com/termoludico/entrada-2h-cena-resturante-acuatico-espectaculo,3,2
https://www.caldea.com/inuu/entrada-nocturna-espectaculo-coctel-gratis,3,2
https://www.caldea.com/fr/thermoludique/offre-entree-ski-ordino-arcalis,3,2
https://www.caldea.com/fr/inuu/offre-entree-ski-ordino-arcalis,3,3
https://www.caldea.com/fr/inuu/offre-entree-vallnord,3,4
https://www.caldea.com/en/thermoludic/offer-admission-ski-ordino-arcalis,3,1
https://www.caldea.com/en/inuu/offer-admission-ski-ordino-arcalis,3,2
https://www.caldea.com/en/inuu/offer-admission-vallnord,3,4
https://www.caldea.com/inuu/spa-festival-de-jazz-andorra,3,1
https://www.caldea.com/ca/inuu/entrada-nocturna-espectacle-coctel-gratis,3,2
https://www.caldea.com/fr/inuu/entree-nuit-cocktail-ete,3,6
https://www.caldea.com/inuu/citrus-body-scrub-60min,3,3
https://www.caldea.com/inuu/diamond-efecto-lifting-90-min,3,4
https://www.caldea.com/en/thermoludic/2-hour-admission-to-thermoludic-dinner-at-aquatic-rest-shows,3,2
https://www.caldea.com/termoludico/entrada-termoludico-world-padel-tour,3,1
https://www.caldea.com/fr/inuu/entree-nocturne-spectacle-cocktail-gratuit,3,2
https://www.caldea.com/fr/thermoludique/entr-e-thermoludique-2h-d-ner-rest-aqu-tic-spectacle,3,1
https://www.caldea.com/en/inuu/night-admission-show-free-cocktail,3,2
https://www.caldea.com/en/thermoludic/spa-jazz-andorra,3,1
https://www.caldea.com/en/inuu/spa-jazz-festival-andorra,3,1
https://www.caldea.com/inuu/udvarthanam-75,3,1
https://www.caldea.com/fr/thermoludique/entree-thermoludique-2h-diner-rest-aquatique-spectacle,3,1
https://www.caldea.com/inuu/entrada-menu-siam-shiki-oferta-especial,3,3
https://www.caldea.com/ca/inuu/spa-jazz-festival-andorra,3,1
https://www.caldea.com/ca/termoludic/spa-jazz-andorra,3,1
https://www.caldea.com/fr/inuu/spa-jazz-festival-andorra,3,1
https://www.caldea.com/fr/thermoludique/spa-jazz-andorra,3,1
https://www.caldea.com/inuu/shiatsu-60-min,3,1
https://www.caldea.com/ca/inuu/diamond-efecte-lifting-90-min,3,4
https://www.caldea.com/ca/inuu/udvarthanam-75,3,1
https://www.caldea.com/ca/inuu/citrus-body-scrub-60min,3,3
https://www.caldea.com/en/inuu/60-minute-citrus-body-scrub,3,3
https://www.caldea.com/en/inuu/special-offer-admission-siam-shiki-diner,3,2
https://www.caldea.com/en/inuu/spring-getaway-spa-3h-admission-hotel,3,1
https://www.caldea.com/fr/inuu/citrus-body-scrub-60min,3,3
https://www.caldea.com/termoludico/termoludico-forfait-vallnord-gratis-hotel-les-closes-3,3,1
https://www.caldea.com/fr/inuu/offre-special-entree-inuu-diner-siam-shiki,3,3
https://www.caldea.com/inuu/promo-30-entrada-masaje-bajo-agua,3,1
https://www.caldea.com/en/thermoludic/thermoludic-admission-world-padel-tour,3,1
https://www.caldea.com/fr/thermoludique/entree-thermoludique-entree-world-padel-tour,3,1
https://www.caldea.com/ca/termoludic/oferta-entrada-nit-telecabina-vallnord,3,1
https://www.caldea.com/fr/thermoludique/offre-entree-nuit-cable-vallnord,3,1
https://www.caldea.com/fr/thermoludique/entree-adulte-thermoludique-naturlandia,3,1
https://www.caldea.com/ca/termoludic/entrada-adult-termoludic-naturlandia,3,1
https://www.caldea.com/fr/inuu/diamond-effet-lifting-90-min,3,4
https://www.caldea.com/fr/inuu/udvarthanam-75,3,2
https://www.caldea.com/inuu/entrada-tarde-a-inuu,3,2
https://www.caldea.com/en/inuu/promo-partial-massage-under-water-30,3,1
https://www.caldea.com/fr/inuu/shiatsu-60,3,1
https://www.caldea.com/en/inuu/shiatsu-60,3,1
https://www.caldea.com/termoludico/termoludico-forfait-pal-arinsal-gratis-hotel-closes-3,3,3
https://www.caldea.com/termoludico/termoludico-forfait-pal-arinsal-gratis-hotel-mola-park-4,3,1
https://www.caldea.com/en/inuu/inuu-afternoon-admission,3,2
https://www.caldea.com/inuu/inuu-diamond-lifting-90min,3,2
https://www.caldea.com/ca/inuu/escapada-primavera-entrada-3-hores-hotel-4,3,1
https://www.caldea.com/ca/inuu/entrada-menu-siam-shiki-oferta-especial,3,5
https://www.caldea.com/termoludico/oferta-entrada-noche-cena-espectaculos,3,15
https://www.caldea.com/en/thermoludic/thermoludic-free-vallnord-ski-pas-hotel-les-closes-3,3,4
https://www.caldea.com/fr/thermoludique/thermoludique-forfait-vallnord-gratuit-hotel-les-closes-3,3,1
https://www.caldea.com/fr/inuu/offre-de-printemps-inuu-3h-hotel,3,1
https://www.caldea.com/termoludico/black-friday-2x1-entrada-masaje-origines-gratis,3,1
https://www.caldea.com/fr/inuu/entree-apres-midi-a-inuu,3,2
https://www.caldea.com/fr/inuu/promotion-massage-30-sous-l-eau-30,3,1
https://www.caldea.com/ca/inuu/xiatsu-60,3,1
https://www.caldea.com/ca/termoludic/termoludic-forfet-vallnord-gratis-hotel-les-closes-3,3,1
https://www.caldea.com/ca/inuu/promo-massatge-parcial-sota-l-aigua-30,3,1
https://www.caldea.com/en/thermoludic/offer-night-admission-cable-vallnord,3,1
https://www.caldea.com/en/thermoludic/adult-admission-to-thermoludic-naturlandia,3,1
https://www.caldea.com/en/thermoludic/black-friday-2x1-entrance-massage-origins-free,3,1
https://www.caldea.com/fr/thermoludique/black-friday-2x1-entree-massage-origines-gratuit,3,1
https://www.caldea.com/ca/inuu/entrada-tarda-a-inuu,3,2
https://www.caldea.com/en/thermoludic/thermoludic-free-vallnord-ski-pass-hotel-mola-park-4,3,1
https://www.caldea.com/fr/thermoludique/thermoludique-forfait-vallnord-pal-arinsal-gratuit-hotel-le,3,1
https://www.caldea.com/fr/thermoludique/thermoludique-forfait-vallnord-gratuit-hotel-mola-park-4,3,1
https://www.caldea.com/fr/thermoludique/thermoludique-forfait-pal-arinsal-gratuit-les-closes-3,3,2
https://www.caldea.com/termoludico/entrada-al-termoludico-vallnord-pal-arinsal,3,1
https://www.caldea.com/fr/thermoludique/offre-entree-nuit-diner-mediterraneen,3,2
https://www.caldea.com/ca/termoludic/termoludic-forfet-vallnord-gratis-hotel-mola-park-4,3,1
https://www.caldea.com/fr/thermoludique/offre-entree-nuit-diner-spectacles,3,14
https://www.caldea.com/ca/termoludic/termoludic-forfet-vallnord-pal-arinsal-gratis-hotel-closes-3,3,1
https://www.caldea.com/ca/termoludic/oferta-entrada-nit-sopar-mediterrani,3,3
https://www.caldea.com/ca/termoludic/termoludic-forfet-pal-arinsal-gratis-hotel-closes-3,3,2
https://www.caldea.com/ca/termoludic/black-friday-2x1-entrada-massatge-origens-gratis,3,1
https://www.caldea.com/fr/thermoludique/entree-vallnord-pal-offre-limitee,3,1
https://www.caldea.com/en/thermoludic/offer-admission-night-diner-show,3,13
https://www.caldea.com/inuu/oferta-entrada-masaje-20-descuento,3,1
https://www.caldea.com/termoludico/entrada-vallnord-pal-oferta-ciber-monday,3,1
https://www.caldea.com/ca/inuu/oferta-entrada-massatge-1-hora-20-descompte,3,1
https://www.caldea.com/termoludico/entrada-al-spa-pool-bar-solo-julio-y-agosto,3,1
https://www.caldea.com/termoludico/entrada-nocturna-telecabina-vallnord-pal-la-massana,3,1
https://www.caldea.com/fr/thermoludique/entree-au-thermoludique-vallnord-pal-arinsal,3,1
https://www.caldea.com/fr/thermoludique/entree-thermoludique-rest-mediterraneen-hotel-les-closes-3,3,1
https://www.caldea.com/ca/termoludic/entrada-termoludic-2-h-sopar-rest-aquatic-espectacles,3,10
https://www.caldea.com/en/thermoludic/thermoludic-entry-mediterranean-rest-hotel-les-closes-3,3,1
https://www.caldea.com/en/thermoludic/offer-thermoludic-dinner-mediterranean,3,2
https://www.caldea.com/ca/termoludic/entrada-vallnord-pal-oferta-limitada,3,1
https://www.caldea.com/inuu/entrada-nocturna-cocktail-nights-todos-los-viernes-y-sabados,3,2
https://www.caldea.com/en/masajes/duo,3,3
https://www.caldea.com/ca/termoludic/entrada-al-termoludic-vallnord-pal-arinsal,3,1
https://www.caldea.com/en/thermoludic/offer-thermoludic-naturlandia-hotel-espel,3,1
https://www.caldea.com/en/inuu/offer-massage-1hour-20-discount,3,1
https://www.caldea.com/en/thermoludic/admission-to-thermoludic-vallnord-pal-arinsal,3,1
https://www.caldea.com/en/thermoludic/night-admission-cable-car-vallnord-pal-la-massana,3,1
https://www.caldea.com/fr/masajes/duo,3,2
https://www.caldea.com/fr/thermoludique/entree-spa-forfait-ski-pal-arinsal-hotel,3,1
https://www.caldea.com/fr/inuu/entree-massage-20-remise,3,1
https://www.caldea.com/termoludico/entrada-spa-vallnord-naturlandia-multiactividades,3,2
https://www.caldea.com/ca/masajes/duo,3,2
https://www.caldea.com/ca/inuu/entrada-nocturna-cocktail-nights-tots-els-divendres-i-dissabtes,3,2
https://www.caldea.com/fr/inuu/entree-nocturne-cocktail-nights-vendredi-et-samedi,3,2
https://www.caldea.com/inuu/entrada-menu-hard-rock-andorra,3,2
https://www.caldea.com/termoludico/entrada-al-termoludico-hotel-centric-4-masaje-20,3,1
https://www.caldea.com/en/inuu/night-admission-cocktail-nights-fridays-and-saturdays,3,2
https://www.caldea.com/termoludico/1-entrada-adulto-1-entrada-infantil-gratis,3,1
https://www.caldea.com/termoludico/entrada-vallnord-pal-arinsal-oferta-limitada,3,4
https://www.caldea.com/en/thermoludic/admission-to-spa-lunch-aquatic-restaurant-show,3,1
https://www.caldea.com/ca/termoludic/oferta-termoludic-naturlandia-hotel-les-espel,3,1
https://www.caldea.com/fr/thermoludique/offre-thermoludique-naturlandia-hotel-espel,3,1
https://www.caldea.com/fr/thermoludique/entree-nocturne-telecabine-vallnord-pal-la-massana,3,1
https://www.caldea.com/termoludico/entrada-spa-comida-restaurante-acuatico-espectaculo,3,1
https://www.caldea.com/ca/termoludic/1-entrada-d-adult-1-entra-da-de-nen-gratis,3,1
https://www.caldea.com/ca/termoludic/entrada-al-termoludic-1-nit-a-l-hotel-centric-4-massatge-20,3,1
https://www.caldea.com/ca/termoludic/entrada-vallnord-pal-arinsal-oferta-limitada,3,4
https://www.caldea.com/ca/inuu/entrada-menu-hard-rock-andorra,3,2
https://www.caldea.com/fr/inuu/entree-menu-hard-rock-andorre,3,2
https://www.caldea.com/fr/thermoludique/offre-menu-hard-rock-andorre,3,2
https://www.caldea.com/fr/thermoludique/1-entree-adulte-1-entree-enfant-gratis,3,1
https://www.caldea.com/fr/thermoludique/entree-au-thermoludique-1-nuit-d-hotel-centric-4-soin-20,3,1
https://www.caldea.com/fr/thermoludique/entree-vallnord-pal-arinsal-offre-limitee,3,4
https://www.caldea.com/en/inuu/diamond-90-minute-lifting-effect,3,3
https://www.caldea.com/en/inuu/promo-admission-massage-mola-park-4-hotel,3,1
https://www.caldea.com/en/thermoludic/admission-to-thermoludic-1-night-hotel-centric-4-massage-20,3,1
https://www.caldea.com/en/thermoludic/entrance-vallnord-pal-arinsal-limited-offer,3,4
https://www.caldea.com/en/thermoludic/1-adult-admission-1-kid-admission-free,3,1
https://www.caldea.com/en/inuu/admission-menu-hard-rock-andorra,3,2
https://www.caldea.com/blog/cambio-cubierta/,3,2
https://www.caldea.com/en/inuu/offer-3-hours-entrance-siam-shiki-dinner-mola-park-hotel,3,1
https://www.caldea.com/fr/thermoludique/aventure-spa-enfants-vallnord-et-naturlandia,3,1
https://www.caldea.com/fr/thermoludique/entree-spa-dejeuner-restaurant-aquatique-spectacle,3,1
https://www.caldea.com/en/thermoludic/family-special-offer-centric-hotel-andorra,3,3
https://www.caldea.com/en/inuu/promo-admission-massage-les-closes-3-h-hotel,3,1
https://www.caldea.com/en/inuu/promotion-admission-mola-park-4-hotel,3,1
https://www.caldea.com/en/inuu/special-offer-hotel-panorama-andorra,3,1
https://www.caldea.com/en/inuu/promotion-admission-les-closes-3-hotel,3,1
https://www.caldea.com/inuu/oferta-especial-entrada-hotel-panorama-andorra,3,1
https://www.caldea.com/inuu/promocion-entrada-hotel-les-closes-3,3,1
https://www.caldea.com/inuu/promocion-entrada-hotel-mola-park-4,3,1
https://www.caldea.com/inuu/promocion-entrada-masaje-hotel-mola-park-4,3,1
https://www.caldea.com/inuu/promocion-entrada-masaje-hotel-les-closes-3,3,1
https://www.caldea.com/termoludico/oferta-especial-familia-hotel-centric-andorra,3,3
https://www.caldea.com/inuu/oferta-entrada-hotel-panorama-menu-siam-shiki,3,1
https://www.caldea.com/termoludico/entrada-mananas-exclusiva-web,3,1
https://www.caldea.com/inuu/oxigenacion-temporada-sothys-60,3,1
https://www.caldea.com/inuu/entrada-promocion-3h,3,1
https://www.caldea.com/inuu/entrada-3h-parada-tecnica-del-termoludico,3,1
https://www.caldea.com/inuu-treatment,3,1
https://www.caldea.com/termoludico/ski-relax-termoludico-vallnord-ordino-arcalis,3,1
https://www.caldea.com/termoludico/oferta-dos-adultos-dos-ninos-gratis,3,3
https://www.caldea.com/en/thermoludic/morning-admissions-online-exclusive,3,1
https://www.caldea.com/en/inuu/offer-entrance-hotel-panorama-siam-shiki-menu,3,1
https://www.caldea.com/en/inuu/promo-entry-3h,3,1
https://www.caldea.com/en/inuu/sothys-seasonal-oxygenation-60,3,1
https://www.caldea.com/fr/inuu/promotion-entree-massage-hotel-les-closes-3,3,1
https://www.caldea.com/fr/inuu/promotion-entree-massage-hotel-mola-park-4,3,1
https://www.caldea.com/fr/thermoludique/offre-speciale-familles-hotel-centric-andorre,3,3
https://www.caldea.com/fr/inuu/promotion-entree-hotel-les-closes-3,3,1
https://www.caldea.com/fr/inuu/offre-speciale-entree-hotel-panorama-andorre,3,1
https://www.caldea.com/fr/inuu/promotion-entree-hotel-mola-park-4,3,1
https://www.caldea.com/ca/inuu/promocio-entrada-massatge-hotel-les-closes-3,3,1
https://www.caldea.com/ca/inuu/promocio-entrada-masatge-hotel-mola-park-4,3,1
https://www.caldea.com/ca/inuu/promocio-entrada-hotel-les-closes-3,3,1
https://www.caldea.com/ca/inuu/oferta-especial-entrada-hotel-panorama-andorra,3,1
https://www.caldea.com/ca/inuu/promocio-entrada-hotel-mola-park-4,3,1
https://www.caldea.com/ca/termoludic/oferta-especial-familia-hotel-centric-andorra,3,2
https://www.caldea.com/fr/thermoludique/entree-matin-exclusive-web,3,1
https://www.caldea.com/blog/1200x801_ca_nadal_blog_cast/,3,1
https://www.caldea.com/en/thermoludic/adult-admission-to-thermoludic-naturlandia-low-season,3,1
https://www.caldea.com/ca/inuu/oxigenacio-temporada-sothys-60,3,1
https://www.caldea.com/ca/inuu/entrada-promocio-3h,3,1
https://www.caldea.com/ca/inuu/oferta-entrada-hotel-panorama-menu-siam-shiki,3,1
https://www.caldea.com/ca/inuu/entrada-3h-aturada-tecninca-del-termoludic,3,1
https://www.caldea.com/fr/thermoludique/ski-relax-thermoludique-vallnord-ordino-arcalis,3,1
https://www.caldea.com/fr/inuu/offre-entree-hotel-panorama-menu-siam-shiki,3,1
https://www.caldea.com/fr/thermoludique/entree-adulte-thermoludique-naturlandia-base-saisson,3,1
https://www.caldea.com/fr/thermoludique/offre-deux-adultes-deux-enfants-gratuits,3,4
https://www.caldea.com/termoludico/oferta-hotel-centric-4estrellas,3,2
https://www.caldea.com/termoludico/entrada-termoludico-actividades-vallnord-pal-arinsal,3,1
https://www.caldea.com/inuu/oferta-inuu-hotel-centric-4estrellas,3,2
https://www.caldea.com/fr/inuu/entree-3-heures-arret-technique-du-thermludique,3,1
https://www.caldea.com/fr/inuu/entree-novembre-relax-inuu,3,1
https://www.caldea.com/fr/inuu/oxygenation-saison-sothys-60,3,1
https://www.caldea.com/en/thermoludic/ski-relax-thermoludic-vallnord-ordino-arcalis,3,1
https://www.caldea.com/inuu/inuu-citrus-boby-scrub-90min,3,1
https://www.caldea.com/ca/termoludic/oferta-dos-adults-dos-nens-gratis,3,1
https://www.caldea.com/termoludico/entrada-2h-termoludico-cena-restaurante-mediterraneo,3,1
https://www.caldea.com/termoludico/oferta-hotel-les-closes-3estrellas,3,1
https://www.caldea.com/en/inuu/spa-christmas-admission-les-closes-3,3,1
https://www.caldea.com/en/inuu/spa-christmas-admission-arthotel-4,3,1
https://www.caldea.com/en/thermoludic/offer-two-adults-two-children-free,3,4
https://www.caldea.com/en/inuu/3h-ticket-technical-stop-of-thermoludic,3,1
https://www.caldea.com/blog/torre-caldea-1200/,3,2
https://www.caldea.com/ca/termoludic/entrada-adult-termoludic-naturlandia-temp-baixa,3,1
https://www.caldea.com/ca/inuu/oferta-inuu-hotel-centric-4estrelles,3,2
https://www.caldea.com/fr/thermoludique/entree-au-thermoludique-activites-vallnord-pal-arinsal,3,1
https://www.caldea.com/en/thermoludic/offer-hotel-centric-4stars,3,2
https://www.caldea.com/en/thermoludic/admission-to-thermoludic-vallnord-pal-arinsal-activities,3,1
https://www.caldea.com/en/inuu/offer-inuu-hotel-centric-4stars,3,2
https://www.caldea.com/fr/thermoludique/offre-hotel-centric-4etoiles,3,2
https://www.caldea.com/fr/inuu/offre-inuu-hotel-centric-4etoiles,3,2
https://www.caldea.com/fr/thermoludique/offre-hotel-les-closes-3etoiles,3,1
https://www.caldea.com/blog/tobotronc-2/,3,4
https://www.caldea.com/blog/caldea-ninos/,3,4
https://www.caldea.com/inuu/entrada-inuu-menu-restaurante-mediterraneo,3,1
https://www.caldea.com/termoludico/entrada-2h-termoludico-y-origenes-cena-rest-mediterraneo,3,1
https://www.caldea.com/termoludico/oferta-termoludico-naturlandia,3,1
https://www.caldea.com/inuu/spa-privado-30-min-exclusivo-web,3,1
https://www.caldea.com/termoludico/entrada-termoludico-karts-en-palacio-de-hielo-de-canillo,3,1
https://www.caldea.com/blog/akua-agosto/,3,4
https://www.caldea.com/inuu/oferta-spa-navidad-entrada-arthotel-4,3,1
https://www.caldea.com/inuu/oferta-spa-navidad-entrada-hotel-les-closes-3,3,1
https://www.caldea.com/ca/inuu/oferta-spa-nadal-entrada-arthotel-4,3,1
https://www.caldea.com/blog/1200x801_ca_nadal_blog_cat/,3,1
https://www.caldea.com/fr/offres-hiver,3,1
https://www.caldea.com/blog/1200x801_ca_nadal_blog_fra/,3,1
https://www.caldea.com/ca/inuu/oferta-spa-nadal-entrada-les-closes-3,3,1
https://www.caldea.com/en/inuu/inuu-admission-menu-mediterranean-restaurant,3,1
https://www.caldea.com/en/thermoludic/2-h-entry-to-thermoludic-and-origins-dinner-mediterranean-rest,3,1
https://www.caldea.com/en/inuu/launch-offer-oxygenation-season-sothys,3,1
https://www.caldea.com/inuu/pomelos-masaje-aromatico,3,1
https://www.caldea.com/fr/inuu/offre-de-lencement-oxygenation-saison-sothys,3,1
https://www.caldea.com/ca/inuu/entrada-inuu-menu-restaurant-mediterrani,3,1
https://www.caldea.com/ca/termoludic/entrada-2-hores-termoludic-i-origens-sopar-rest-mediterrani,3,1
https://www.caldea.com/inuu/oferta-masaje-60min-exclusiva-web,3,1
https://www.caldea.com/en/thermoludic/offer-thermoludic-naturlandia,3,1
https://www.caldea.com/ca/inuu/spa-privat-30-min-exclusiu-web,3,1
https://www.caldea.com/en/inuu/grapefruit-aromatic-massage,3,1
https://www.caldea.com/inuu/oferta-inuu-hotel-mola-park-4estrellas,3,1
https://www.caldea.com/fr/thermoludique/offre-thermoludique-naturlandia,3,1
https://www.caldea.com/fr/inuu/bain-de-pamplemousses-et-massage-aromatique-45min,3,1
https://www.caldea.com/fr/thermoludique/entree-thermoludique-et-origines-diner-rest-mediterraneen,3,1
https://www.caldea.com/fr/thermoludique/entree-thermoludique-karts-au-palais-de-glace-de-canillo,3,1
https://www.caldea.com/fr/inuu/spa-privee-30-mn-exclusif-web,3,1
https://www.caldea.com/ca/inuu/promocio-black-friday,3,1
https://www.caldea.com/blog/la-vuelta-llegada-andorra-2018/,3,4
https://www.caldea.com/blog/smoothies-zumos/,3,4
https://www.caldea.com/en/inuu/private-spa-30-min-exclusive-web,3,1
https://www.caldea.com/en/thermoludic/admission-to-thermoludic-karting-in-ice-palace-in-canillo,3,1
https://www.caldea.com/fr/inuu/entree-inuu-menu-restaurant-mediterraneen,3,1
https://www.caldea.com/ca/inuu/oferta-llancament-oxigenacio-temporada-sothys,3,1
https://www.caldea.com/ca/inuu/aranges-massatge-aromatic,3,1
https://www.caldea.com/termoludico/50-entrada-al-termoludico-masaje-20min,3,2
https://www.caldea.com/inuu/indian-head-and-face-30,3,1
https://www.caldea.com/en/inuu/offer-inuu-hotel-mola-park-4stars,3,2
https://www.caldea.com/en/inuu/night-admission-and-cocktail-nights,3,1
https://www.caldea.com/ca/inuu/oferta-inuu-hotel-mola-park-4estrelles,3,2
https://www.caldea.com/ca/inuu/offre-massage-60min-exclusive-web,3,2
https://www.caldea.com/en/inuu/offer-massage-60min-exclusive-web,3,1
https://www.caldea.com/ca/inuu/entrada-nocturna-amb-cocktail-nights,3,1
https://www.caldea.com/fr/inuu/offre-inuu-hotel-mola-park-4etoiles,3,2
https://www.caldea.com/fr/inuu/entree-nocturne-et-cocktail-nights,3,1
https://www.caldea.com/blog/inuu-orientales/,3,1
https://www.caldea.com/termoludico/oferta-entrada-masaje-hotel-espel-50-descuento,3,1
https://www.caldea.com/ca/termoludic/2-entrades-termol-dic-2-entrades-infantils-gratis,3,3
https://www.caldea.com/blog/couple-gateaway/,3,4
https://www.caldea.com/ca/termoludic/oferta-entrada-massatge-hotel-espel-50-descompte,3,1
https://www.caldea.com/blog/1200x801_ca_imatgeblog_buddhabowls/,3,4
https://www.caldea.com/ca/inuu/indian-head-and-face-30,3,1
https://www.caldea.com/en/inuu/night-admission-inuu-cocktail-nights,3,2
https://www.caldea.com/blog/1200x801_ca_spacasa2_blog/,3,4
https://www.caldea.com/fr/inuu/indian-head-and-face-30,3,1
https://www.caldea.com/en/inuu/indian-head-and-face-30-min,3,1
https://www.caldea.com/fr/thermoludique/50-entree-au-thermoludique-soin-20,3,2
https://www.caldea.com/en/thermoludic/offer-admission-massage-espel-50-off,3,1
https://www.caldea.com/fr/thermoludique/offre-entree-massage-hotel-espel-50-remise,3,1
https://www.caldea.com/inuu/oferta-entrada-vallnord,3,2
https://www.caldea.com/termoludico/oferta-entrada-cena-mediterraneo,3,3
https://www.caldea.com/inuu/tratamiento-royal-citrus-body-scrub-con-envoltura-de-nata-90,3,1
https://www.caldea.com/inuu/3d-collagen-shock-60-min,3,1
https://www.caldea.com/fr/inuu/entree-nocturne-inuu-et-cocktail-nights,3,2
https://www.caldea.com/inuu/entrada-nocturna-coctel-gratis,3,1
https://www.caldea.com/en/thermoludic/offer-admission-dinner-mediterranean,3,3
https://www.caldea.com/en/inuu/facial-treatment-collagen-shock-60-minutes,3,1
https://www.caldea.com/inuu/tratamiento-facial-collagen-shock-60-minutos,3,1
https://www.caldea.com/inuu/entrada-nocturna-inuu-y-cocktail-nights,3,2
https://www.caldea.com/blog/tratamientos-caldea/,3,4
https://www.caldea.com/inuu/inuu-molapark-hotel-masaje-60min,3,1
https://www.caldea.com/ca/inuu/entrada-nocturna-inuu-i-cocktail-nights,3,2
https://www.caldea.com/ca/termoludic/oferta-entrada-sopar-mediterrani,3,3
https://www.caldea.com/ca/inuu/tractament-royal-citrus-body-scrub-amb-embolcall-de-nata-90,3,1
https://www.caldea.com/ca/inuu/3d-collagen-shock-60-minuts,3,1
https://www.caldea.com/fr/inuu/3d-collagen-shock-60-minutes,3,1
https://www.caldea.com/fr/inuu/soin-royal-citrus-body-scrub-avec-enveloppement-creme-90,3,1
https://www.caldea.com/en/inuu/90-minute-royal-citrus-body-scrub-with-body-cream-wrap,3,1
https://www.caldea.com/en/inuu/60-minute-3d-collagen-shock,3,1
https://www.caldea.com/fr/thermoludique/offre-entree-diner-mediterraneen,3,3
https://www.caldea.com/blog/regals-caldea/,3,1
https://www.caldea.com/en/inuu/inuu-molapark-hotel-massage-60min,3,1
https://www.caldea.com/en/inuu/night-admission-cocktail-free,3,2
https://www.caldea.com/ca/inuu/entrada-nocturna-coctel-gratis,3,2
https://www.caldea.com/fr/inuu/entree-nocturne-cocktail-offert,3,2
https://www.caldea.com/ca/inuu/inuu-molapark-hotel-massatge-60min,3,1
https://www.caldea.com/fr/inuu/soin-visage-collagene-shock-60-minutes,3,1
https://www.caldea.com/blog/give-caldea/,3,1
https://www.caldea.com/blog/offrez-caldea/,3,1
https://www.caldea.com/fr/inuu/inuu-molapark-hotel-massage-60min,3,1
https://www.caldea.com/ca/inuu/tractament-facial-collagen-shock-60-minuts,3,1
